Model,Accuracy,F1 Score,Precision,Recall,ROC,ROC_AUC,cm
"LogisticRegression(class_weight='balanced', max_iter=1000, multi_class='auto')",0.31788079470198677,0.41366223908918404,0.9008264462809917,0.2684729064039409,"(array([0.        , 0.25531915, 1.        ]), array([0.        , 0.26847291, 1.        ]), array([inf,  1.,  0.]))",0.5065768787338853,"[[0.74468085 0.25531915]
 [0.73152709 0.26847291]]"
"RandomForestClassifier(max_depth=4, random_state=3003)",0.31788079470198677,0.41366223908918404,0.9008264462809917,0.2684729064039409,"(array([0.        , 0.25531915, 1.        ]), array([0.        , 0.26847291, 1.        ]), array([inf,  1.,  0.]))",0.5065768787338853,"[[0.74468085 0.25531915]
 [0.73152709 0.26847291]]"
"RandomForestClassifier(max_depth=100, random_state=3003)",0.31788079470198677,0.9389671361502347,0.8968609865470852,0.9852216748768473,"(array([0.       , 0.9787234, 1.       ]), array([0.        , 0.98522167, 1.        ]), array([inf,  1.,  0.]))",0.5032491353107641,"[[0.74468085 0.25531915]
 [0.73152709 0.26847291]]"
"RandomForestClassifier(max_depth=5, random_state=3003)",0.31788079470198677,0.9452852153667055,0.8962472406181016,1.0,"(array([0., 1.]), array([0., 1.]), array([inf,  1.]))",0.5,"[[0.74468085 0.25531915]
 [0.73152709 0.26847291]]"
