Model,CV_Accuracy_Mean,CV_Accuracy_Std,CV_F1_Mean,CV_F1_Std,CV_Precision_Mean,CV_Precision_Std,CV_Recall_Mean,CV_Recall_Std,CV_ROC_AUC_Mean,CV_ROC_AUC_Std,CV_Score_Mean,CV_Score_Std
All Features,0.9369986168741355,0.007895562116378941,0.7870854850804767,0.02455879524409996,0.6903614944422211,0.03047335764017681,0.9171763019589108,0.03749125550811818,0.973010282920162,0.010721872109959627,0.9143790849673203,0.05502631419568416
Top 6 Features,0.924288377921949,0.003849358966273374,0.7535179788116497,0.019548308043983612,0.641049081160717,0.005391054542861268,0.9150501672240804,0.047796843036655115,0.9695048519174826,0.015127909122561768,0.9143790849673203,0.05502631419568416
Corr > 0.8,0.9262220795794075,0.005147620122622421,0.7607931744028982,0.018307721174514544,0.6459912586818672,0.0144894649104202,0.9259436215957955,0.03528776628412347,0.9725666325969022,0.012698100246300923,0.9143790849673203,0.05502631419568416
Augmented,0.9369982347951675,0.006345244286324539,0.7856820972762255,0.021187261361473995,0.6918323232697261,0.02523552199251322,0.9106067845198279,0.03811750948648326,0.9731456421948993,0.008884014923387328,0.9143790849673203,0.05502631419568416
Replacement,0.933129685243346,0.007401324916715216,0.7763948898775715,0.02379646356283253,0.6751079813698114,0.027634160163199716,0.9149784997611086,0.03743083639268181,0.9742408767622031,0.010699886744321877,0.9143790849673203,0.05502631419568416
Filter k=49,0.9375511030619809,0.007335734199891724,0.789290096501724,0.022554897747510707,0.6915078687794297,0.02912737416723369,0.9215241280458673,0.04042656213128452,0.9749815161448347,0.010697169084678585,0.9143790849673203,0.05502631419568416
Wrapper RFE n=54,0.9375511030619809,0.007335734199891724,0.789290096501724,0.022554897747510707,0.6915078687794297,0.02912737416723369,0.9215241280458673,0.04042656213128452,0.9749815161448347,0.010697169084678585,0.9143790849673203,0.05502631419568416
Embedded L1,0.9364449844493861,0.009379197043290122,0.7861819144350715,0.02875440430458529,0.6878574433910403,0.036131393521712,0.9193502150023889,0.03750372024973371,0.9734971000381016,0.011154472701758218,0.9121568627450979,0.05709381343744043
